files_modified_per_min,files_created_per_min,files_deleted_per_min,average_entropy,unique_extensions,max_cpu_usage,total_memory_mb,suspicious_processes,disk_write_rate,new_processes_rate,honeypots_compromised,honeypot_access_rate,file_change_acceleration,burst_activity,activity_consistency,label
0.3885577983740699,0.11558116983209207,0.6951495985686488,0.16705791303561154,0.0,0.37960991224206286,0.504214547232145,1.0349250612403127,0.8420319059678056,0.7092163600098794,1.1235282233924244,0.0,0.620896324219203,0.49485916012399134,0.8868501364657434,1
0.37630004011571017,0.10739299937683137,0.0,0.5399802356765309,0.48735827202132054,0.4075643646380235,0.5344905866958425,0.9863322507583031,0.5854074138537808,0.12156604493063938,0.0,0.2284917526896172,0.310190100452845,0.44630501870044237,0.9880207307950888,0
0.43731123247184556,0.299012969842006,0.0,0.31700055997603044,0.40301129555167164,0.7669098434063478,0.5750359365232419,0.8050156727878548,0.8596568133456742,0.26812418617871947,0.0,0.23368669333785547,0.490065383382233,0.4112596218294871,0.5099187432127692,1
0.2894853160256764,0.3426618036639617,0.19209331711423033,0.8078299639454165,0.5286938868737541,0.12699964205543823,0.8745029808897017,0.9481571150988347,0.8230902930160949,0.3046864646509468,0.0,0.10791683756287257,0.27249645773455233,0.2766886026881773,0.49270015204172135,0
1.16802876589412,0.7634729896779653,0.8610814428857474,1.330109725980761,0.9982943090657495,0.9247612362531537,0.9282588537717302,2.057163293595714,1.3508420531719052,0.7640409734687844,0.8669195828756254,0.45351879467441947,0.646429949491679,1.1187029587013333,0.4389396243991831,1
0.41437991040120226,0.4763220694930408,0.5257652179056324,0.46882938181453165,0.21850725063272086,0.5452067577192327,0.211230843351441,0.23713632077461722,0.3000301569951983,0.0,0.9186365769712121,0.0644952944009972,0.6501431753784706,0.8096602888377561,1.6825051805152063,0
0.12743969217781037,0.31238822750970247,0.18250602537559188,1.0299314814333858,0.9066445899769476,0.7180072927577233,0.3641064115532211,1.9178241597661252,0.5181051151701173,0.5522509712707667,0.0,0.1455220900409828,0.5860700069530006,1.1347223734929919,0.8784243687940353,0
0.16451039924786295,0.07974318334867453,0.2525292550036213,0.19372203344058955,0.16108570250153478,0.40685950499415274,1.0323190669246551,0.0,0.0,0.2100117766814884,0.0,0.0,0.2584042630377067,0.9249808176847536,0.5597210905719683,0
0.7239275236501872,0.23225560278074597,0.10762617243236719,0.20981457110205484,0.0,0.46486125107581444,0.19644449596772232,0.11543627522989437,0.36410547612350275,0.14236852651616022,0.08736055500134925,0.07971381698594712,0.03223984250441127,0.5500330795642804,0.24673206900763162,0
0.4351920026230602,0.9374700034983217,0.0,0.6947015963289632,0.33141165953219165,0.6799771355732159,0.9003598365299491,2.0217419944094726,0.57371460608034,0.2948462740067196,0.09093012519045059,0.15994839302148603,1.0919922834528715,0.7271127830936108,1.199301242607466,0
0.6910020879561934,0.8646673390371482,0.3597301983952823,0.6020221155107143,0.5714655354895262,1.2422117498408023,0.573074692086627,2.803143767073673,0.6267195005654886,1.1152619465548428,0.07751806734012805,0.39555191335472223,0.4809912895070539,1.3563679815840752,1.5072559018463974,1
0.22172093977773327,0.14586281799772444,0.0,0.3811600675556181,0.1668434402819569,0.3701558005394365,0.8198848254391785,0.9695765418099174,0.13463311807029937,0.11115691480092288,0.9571497887607401,0.43046303874632863,0.4903621052771482,0.5846170409678587,1.3080739936175876,0
1.2533787113986492,0.7845473763188527,0.17691416825900613,0.9461859298667334,0.3799220650840621,0.9073267658196371,0.9068955617706315,2.965040004634683,0.5747195209068755,0.7058045652914455,0.0,0.11352215573819392,0.5668773485453676,0.974855843161046,0.93831141976191,0
0.6165752765596493,0.7911879245074726,1.005822121606004,1.2535932318272045,0.781326078228975,0.6377988490413398,1.1110611103153774,3.0,1.0363471608185044,1.3763313025449597,0.06257864204473179,0.44959597847549726,0.89513131310419,1.0191833218410138,0.2535128097469456,1
0.454641808574597,0.2910224838593516,0.06923961145343491,0.6326037395221167,0.5911577954469015,0.7682689361649125,0.423330673118621,0.0,0.6860044234837255,0.1051873952848126,0.0,0.048075008521925304,0.5575553387030846,0.4233603226572464,1.3781545106483717,0
1.1420730975114624,0.8855055286920758,0.3338883163691474,0.9475103457040666,0.2325846009815612,0.6779946199049853,0.7120634565316701,3.0,1.4623158002289196,1.4095383999140643,0.018406910866946076,0.22428228784818602,0.8810612316918496,0.747456671980847,1.0847444946145606,1
1.007916651686635,1.0014483207099576,0.658139673482222,1.1391720551655935,1.04413243458808,0.6886315405121963,0.8728734669082282,1.0413505411731634,1.4786415248270282,1.1218163972263768,0.954281777878858,0.7114441869178441,1.3982967575043574,0.8785012502361123,0.5424161030758372,1
0.33710242905809995,0.7818791651998623,0.3066727666541056,0.7488497068227469,0.5251832224041424,0.3704135498045704,0.9348130319636746,0.0,0.7951049581218244,0.46808136566681946,0.954961153857389,0.3441501379330991,0.5226019482407301,0.8381756321029918,1.236288804834207,0
1.1360271761745047,0.9881289013497785,0.2752970850715216,0.8733270370578251,0.6622007732203528,0.44815378061574257,0.8990447649338513,0.9286466678148353,0.0,0.6260002972986745,0.10510372559704093,0.12589120664248935,1.005878100028986,0.5749750818280418,0.7872235427829071,1
0.2586361155703546,0.43193808748539053,0.39144815984032166,0.4923924734990064,0.1822418370696841,0.37860547716392384,0.5363504356252571,2.130243443842478,0.17570186521757433,0.5029443493202941,0.162246405139469,0.6848713052933799,0.42410267617673103,0.2139496464769773,1.0669214824853037,0
0.1421642576423754,0.49530323153055233,0.0,0.46214147710675024,0.36612377180930394,0.10637382838638228,0.2398007861343577,0.13567697098746911,0.6946034486568176,0.0,0.03626095365598013,0.004942383739769612,0.32953943074725167,0.0,1.3687814398319136,0
1.0141023947257892,0.9844655002393747,0.11664427572623703,1.164813129460028,0.45740943131940603,0.6282871821500343,0.9596597799619574,3.0,1.0120589883265323,0.8588043150728909,0.0,0.5060877994542804,0.8162777088630877,1.0410707176555047,1.344206659569474,0
1.147035964655512,0.6050822754872595,0.4419951491270542,1.2149643793431384,0.5139667677189637,0.8849520754802203,0.9211180510174787,1.0054111960864751,0.761054740605096,0.7433319194306547,0.0,0.2575875317267409,0.5054872212722196,0.9072631217297868,0.8912263805026788,0
0.6142003961136902,0.46261282303415674,0.30300375550773173,0.34612384226670123,0.0,0.661466376071483,0.29658464022239556,0.17668749741850187,0.04726325525852843,0.4319799665277457,0.2792970083546965,0.08725848355567609,0.11666306947752751,0.39535373987408096,0.8497002908922989,0
0.6940199759967545,0.8864346956381968,0.9829461639446255,1.0904677429648002,1.3858813324132766,1.3354868634983528,1.0128075759207769,2.828212090953013,1.6158347936257664,0.9916586283258415,0.030394077173401386,0.15506773270477384,1.4327355767688148,1.0353026630704365,1.0594746905464696,1
0.30236584057069016,0.8835575055374486,0.7222778721344604,0.5626348546040024,0.40656740460849955,0.43575692710576397,0.638084600713138,1.0488928461847018,0.8873945117340509,0.7012707882064211,0.0,0.0,0.6510228976191993,0.5689866740365335,0.6109120079970591,1
0.3022430821245894,0.49928525725347417,0.45857091131462463,0.8779710659453793,0.18389650292099657,0.7529072433024047,0.6839485270196811,2.0055951307952746,1.2375879727797692,0.469413791047394,0.08214343591291114,0.44616746949811315,0.002779983806834266,0.31194546903971887,1.3402553675481226,0
0.7053816135392781,0.37471992131608745,0.09886973920208614,0.954804193821815,0.7078590067084467,1.1732327669796887,0.737015358240371,2.003153801982035,0.6885031628873797,1.0141876371113776,0.0159649462158138,0.37770724303263137,0.7491445671919588,1.0163340757142394,1.1122134387381117,1
0.2946744898627095,0.28519877256956383,0.07318438156252624,0.0,0.28628394497414544,0.18470088314626004,0.2400946005668758,0.01117136733088927,0.0,0.01708939341642525,1.0270505150137177,0.0,0.33855368221167115,0.0,1.2706826963942088,0
0.40711076611831065,0.2776102227041017,0.08683213864133699,0.5869081803727418,0.0,0.43434982859477106,0.6281254268080952,3.0,0.8049797396159861,0.4590259737580282,0.0,0.0,0.08171729939002828,0.19115520117293408,0.4315941653809729,0
1.2961385614920689,0.8870214948290854,0.49030712077392635,1.33295505558918,1.050880216927328,1.1234495536181823,0.979229455082321,3.0,0.9673087227252871,1.4559592176019067,0.0,0.0,1.7275084105907337,0.87907768843709,0.7132228700784641,1
0.922010100491775,0.2791696388276056,0.46919508227399487,0.5175146294669517,0.0,0.7067151999324394,0.48276901019868124,0.9546458529306789,0.3350683906508606,0.908115367051446,0.0,0.42076941384691463,0.5054136593025996,0.045181072222359016,0.7721089179120046,0
0.39235770581211593,0.48749279741606133,0.00042624371101020186,0.32201070709621715,0.3581666491966492,0.12927231261121552,0.07489217468098147,1.1491937554561562,0.16165226464693605,0.008249230128896154,0.0,0.24849574089211865,0.37658168631483524,0.0,0.8451785909166111,0
0.0,0.40864973935622406,0.0,0.46336379785990084,0.2615640357582668,0.235268582070718,0.1325058321065193,0.0,0.6465514331659624,0.0,0.1933709896994937,0.18744580238055653,0.33693008695585963,0.3427517214370389,0.8347719031805765,0
0.380878248656531,0.7210633781960935,0.4358606619717947,0.8033226467982427,0.6084747997316543,0.35139560731932484,0.506561290075122,1.9151621132860048,0.20243298449131666,0.38321127404180166,0.0,0.0,0.0,0.6274109705792382,0.860454878746179,0
0.1984834990855885,0.12255626459082225,0.46226782805908795,0.09197358118454961,0.8210105160101477,0.0,0.2764768470112549,0.09612141923892016,0.10619521541860809,0.19877925987430972,0.0,0.0,0.2380094195931451,0.0,0.5173834882501515,0
0.623478142773991,0.23443940883736786,0.45993449964733363,0.8785603234660999,0.45797197481267704,0.384374312607957,0.7298965239364722,1.2720731078886294,0.6212908446361793,0.11964246563486952,0.8647222141470551,0.006268479620322181,0.3122155258182858,0.5089048541741638,1.3811077085921801,0
0.2864658210127312,0.6459297322834283,0.4249356874773846,0.6895072973715202,0.2858941962680224,1.0701468896434692,0.4361498463038247,0.1773770522188368,0.012747839562031897,0.2322790584843055,1.0719529227531452,0.27935122569844445,0.4331203171058449,0.3955848841605663,0.5481415631794367,1
0.7234833472199778,0.91756758070067,0.2993600768094805,0.262921112962051,0.49834622582603466,0.7060566542752023,1.0882833029485137,0.9929691457448924,0.809196715613533,0.5116301219295771,0.0,0.2384283927378807,0.4944566582827771,0.8287160334623664,0.2554572437995092,0
0.8743997184684387,0.3947007829658863,0.5528767146003444,0.5727605076140181,0.6418097223797693,0.3042105570529293,0.953400660210661,2.1974388041515107,0.7255815050104323,0.7000986731013226,0.06919902447965592,0.274179453514707,0.41421316006383496,0.8353921722265676,0.5446567762968643,1
1.241244444819372,0.42741169962014885,0.4498005422919741,0.7259233197005294,0.7250445639069868,1.0358829659539186,0.5510367199860761,0.0,0.8729928005986093,0.4646109901179443,0.0,0.15102941447185614,0.31103736254197195,0.6973444082544169,1.1890361599229424,0
0.6624090539343052,0.8055370896393971,0.2587578072248029,0.7153765912582941,0.48852031473880975,0.8245179585228162,0.693823601935177,0.0,0.5180710924192894,0.7546482305048886,0.916830657711676,0.0,0.4219485281706256,0.8260516774150608,1.2466753290455859,0
0.16758658635206317,0.0,0.5017025497177904,0.4937409696932705,0.3656954496231669,0.7591834718439567,0.6147341557519976,1.0261379081890192,0.3043465700352585,0.625929400407642,0.20349320947060656,0.10229537506130151,0.3395427422745205,1.0888334137494533,1.393135987522507,0
0.004496923074980327,0.5158080641173114,0.0,0.6577540632799279,0.21683295291302487,0.43489680694352073,0.7681775825092283,1.2954813025271448,0.6226748198581072,0.5099016672866407,0.0010041807994708967,0.388087978140231,0.09023916745567563,0.0,0.1987713758468031,0
0.27126200101832365,0.45906202891541065,0.04849517342419544,0.41053846614854883,0.5798156265958293,0.9236907817806684,0.35640148301906566,0.055577653419321235,0.24783547948560525,0.0,0.0,0.00026244698370131436,0.24801502357797356,0.870220709178479,1.1180441646794188,0
0.24285074082705607,0.2297993311754069,0.13800207691128696,0.6191457240534712,0.21497771851239422,0.14059146230449632,0.09145878277524243,1.874859593510891,0.8372557275495227,0.4498605871086322,1.1270032072773253,0.0910675389663071,0.4796769899493758,0.5120659971497554,0.30079920954949557,1
0.6190757024527856,0.0,0.10497228991341946,0.025406519810115546,0.13570910526371907,0.0,0.373927664076338,0.0,0.016864659844926584,0.0,1.081796308060735,0.019200232068715836,0.015729464203531385,0.0,1.903908287178549,0
0.4674468271843387,0.09533013545636648,0.4992367398934748,0.41504383596625255,0.6671962321495939,0.95090824355998,0.31201677262957883,1.0564359638212475,0.8991115703873709,0.17785240821649723,0.0,0.0,0.47518765074128705,0.3193331830705539,0.824122295876321,0
0.6811713241476969,0.7207993449994767,0.36642496367178495,0.896297531733488,0.2435379421083308,0.45001809913663876,0.7744902272010686,0.0,0.9605672111395697,0.40215644275211154,0.006607330216532483,0.0,0.8677793856489475,0.9379182972958111,1.0512067672538987,0
0.00853257303929495,0.6997950528450676,0.6127166492412569,0.9565950581557798,0.10339187206770571,0.24455564058814963,0.6048912844888232,1.1804872137831472,0.7979222165867493,1.2224623516889117,0.025710532893502856,0.0,0.8746309233823464,1.3365732036143205,0.8020485354364941,1
0.2858595636502412,0.6425580455095041,0.19203093379795955,0.7825423449572004,0.24638123926777117,0.07380653311135157,0.04162278335076994,0.98709646026179,0.0,0.27534485903798545,0.0837457928057708,0.01832016054136973,0.6073016679159028,0.04705441660260823,0.886678874260678,0
0.937557074346167,0.8643574056186548,0.7031205529314742,0.7093736984031276,0.7147336439380743,0.7033765051053842,1.0724168163808856,0.9697427319193996,1.4976122388409423,0.6308210792226394,0.9197900372511214,0.1719443326260368,0.9851051018183516,1.1000205569279233,1.3956857609039877,1
0.5085645718636674,0.3057185916657267,0.7089739081345304,0.8166584436938651,0.3378445532485293,0.46780401974886443,0.4312842438200538,2.030154472294417,0.0,0.7526346069513116,0.18113140272545034,0.07566269918591717,0.5433278361841473,0.42089282665902095,0.6621327606086708,1
0.5720987199970173,0.5030990058572609,0.17052800339290755,1.0322692214357745,0.16084071565369995,0.8599475441076623,0.5964650190061243,0.1942168524172337,0.48250598476185325,0.6411617499609363,0.0,0.01846269653682954,1.1089323645038525,0.5192280441658108,0.9430228444924208,0
0.28226023615190904,0.2221750193519133,0.3749654460230369,0.8165123499718676,0.6141258099388804,0.47343862477935855,0.36392142900024804,0.8664916994078649,0.6966332761750326,0.5105129524300239,1.1651566805560525,0.20651791961639016,0.03773703615757165,0.71394078601225,0.8024875320009569,0
1.6253984475642276,1.2854102434887356,0.5555046238518303,0.9617028035315037,0.7662791036658531,0.870937536690499,0.7253580815907271,2.882421384205228,1.620037042413129,0.8350065541641991,0.16749414648008418,0.46689181653652,0.8528780830755961,1.0447943261089414,0.2677109528635072,1
0.31746668997588473,0.05713893334155795,0.0,0.798858690335884,0.6561025248327375,0.31586926348969263,0.5305198968343677,0.072924055762108,0.5138815153756799,0.656954704517395,0.0,0.2578254456473814,0.0,0.756949282079564,1.04383306854726,0
0.0,0.46787464772486154,0.1931944656993497,0.47989707516621904,0.36645801794748756,0.15122633096067745,0.07158710084136694,0.12203345492575186,0.35675144886329785,0.6570566060428059,0.13813848345564905,0.23628410836978275,0.002805502805914073,0.062189374501918485,0.8824633681425061,0
1.3056161950269636,1.164483065152254,0.33322884151889426,0.9498196052340022,0.8827119304446995,1.5210164468380651,0.8515288903969116,2.080773479472216,1.0818642694405223,1.4163817088162953,1.1565769577012366,0.8582951368419492,1.1193198469487822,1.2245287964933906,1.8154060516430166,1
0.9564082665829163,0.6399379784412262,0.5502909648969657,0.7059730407488395,0.782773711431545,0.9975392414836983,0.6049149013709252,3.0,1.4531891020918077,0.7826602996094049,0.0,0.3586626854198297,0.9270665834138643,0.8565300335174052,0.41096987987289163,1
0.2274725079043977,0.28066382235928455,0.7053724804903493,0.484790630297391,0.3755719284186068,0.6861109443060553,0.0,2.1111816173877926,0.8936000097967866,0.27246351178509026,1.0605397513186021,0.7718912780415319,0.4668994208327305,0.35187834839843596,0.8293756574706435,1
0.7696073261957096,0.6082092127162555,0.7180066224225033,1.4157093111363228,0.6202642109476754,0.5580103041256796,1.295181054230527,1.007293499824029,0.9696084963296433,0.8834920137970858,0.0,0.2705928020793221,0.8157536664153826,0.7979364179907834,0.9597024091075613,0
1.255802946902387,0.0,0.5809985816478284,0.3310384158751082,0.085359135963325,0.5379197276130558,0.9381083173782323,0.7307000711103244,0.8496696036755612,0.7874535367018486,0.02255642349456386,0.23782048587739418,0.38910200842903203,0.8881932269401906,0.7542282664656044,0
0.7291659491312914,0.9243684297726797,0.7614706214254088,0.8842261625710007,1.0313412688019012,0.653782795532303,1.2604709624456363,2.963873781021755,1.1361670500904646,1.3417280019748468,1.0500345440125018,0.24648983483337883,0.9573310015980973,2.3965883695352743,0.19695981396992374,1
0.6558376449120684,0.44290582173462534,0.32999059433339645,1.1080094642874756,0.6284715624288787,0.8176705980004294,1.0180751420530172,0.8768983820781513,0.7979022701045434,0.7804407867413086,0.9168726376164775,0.3362976697794081,0.7408800090852106,0.8842476333218241,0.5712982967447932,1
0.7969211763316446,0.7042491171875688,0.3513926948806156,0.6481065384403439,0.08665703994987106,0.4163873316535702,0.2995332831543603,0.13703240015287702,0.8104530043887386,0.5574519549297933,0.0,0.25730939082287657,0.13394329294720914,0.5168385268050072,1.236469065975003,0
1.0223407871909407,0.8655501328212702,0.7150626332686649,0.8418870147422697,0.6620520642077126,1.0434120135176281,1.4372525383579053,0.8670629774756776,1.703462850400298,0.8676947542930347,0.21720047880890897,0.391295625380766,0.8670816733696751,1.0811100356250734,0.5080710617182563,1
0.31147920166297327,0.5733562061384195,0.4948286644628309,0.42031177414463283,0.32793673965093817,0.638214758158446,0.8121092910216209,1.146193464999569,1.1137036732699197,0.38543558295222347,0.0,0.2158748796965515,0.3973874635370168,1.1290324680628852,0.8476244202058304,1
0.6801106362187215,0.3265163200322553,0.5886009603628486,0.43924690050593884,0.4767215855053304,0.472027905050621,0.5043871312215673,0.021760048762395644,0.790559780872879,0.5935504878411042,0.0,0.0,0.14565242498730058,0.6444535116285699,0.7569552746639227,0
0.40006882341632966,0.0,0.36093054854282225,0.8013503861753255,0.4841000658464483,0.6008161525968967,0.48673566161131493,0.0,0.42608663174154043,0.8685453539241001,0.8530907816175454,0.0,0.0,0.6454968041479617,0.690396479368655,1
0.1466553239549292,0.8743739397303233,0.44868561774469373,0.5066520840818526,0.0,0.7427617883232904,0.04608703154083074,0.0,0.0,0.0,0.0,0.6463194637331757,0.5073411468751747,0.10332842331985201,0.968333897546709,1
0.30611961117820885,0.7832250856236489,0.5096067605019843,0.935775585709303,0.6741131072153844,0.3026268441439254,0.9177257353545486,0.0,0.441122160057977,0.30714969265423664,0.0,0.14777671159789021,0.92945010482763,0.7494133513940743,0.6364345275942896,1
0.27642208674575186,0.985666171961216,0.23784962631555978,0.8462403390824189,0.9634627310281296,0.0,0.7795670967565953,3.0,1.0445930784324386,0.4368086498458069,1.094828948549689,0.39594750277316476,0.8593303821267363,0.8490615975405792,0.26765131989792557,1
1.0850641226920854,0.6144893669519257,0.028885144113446865,0.5957347399681021,0.0,0.8288429511511765,0.6524527594322886,1.8860903109467038,0.6835245862182028,0.27754968532989627,0.12357521207548267,0.6198382517437131,0.7937239127341045,1.1195742515131561,0.618589248098735,1
0.6990485042342348,0.5543308038336976,0.760325982368871,0.7968646066267129,0.10538611866043483,0.7390057484694734,0.8899239446417009,2.7079599923852977,0.740005406421365,0.655698925592008,0.0,0.21515186212659906,0.5611617615591455,0.7521808602153462,0.5108154963204172,1
1.221735473979482,0.925559826968367,0.6416808484979258,0.6735719285471319,1.0065633921536064,0.9381292451417997,1.033532528232568,3.0,1.189219345971515,0.8178457216924059,0.0,0.4417354706584996,0.8708227445531416,1.6100997219229627,0.44456981359762365,1
0.561872520342025,0.44459322529287915,0.3464655589695516,0.8421231516680316,0.14057039248993813,0.33305451120160945,0.42358136416881464,1.0414793693560622,0.8001024927536184,0.35433068445698623,1.0048308198315095,0.45239901174308744,0.6906590778515411,0.37027434738306203,1.015911949578617,0
1.0406946706185367,0.5683647629048706,0.04232622306388292,0.7711370206351806,0.7576359976055149,0.22436363235859288,1.024392860676934,1.1344773838704945,0.4524689218744238,0.4991743026100525,0.0,0.22249962010710872,0.8665445926984987,0.697842965167637,1.737910142047911,0
0.7795511744242228,0.5373454183663147,0.277870173038255,0.8488959709825803,0.6509490331951784,0.7120027449635388,0.6519540454542236,0.9516034017443318,0.9448991130881199,0.8340059382913882,0.0,0.3550557403823328,0.5268722358754465,0.6586035472893478,0.9081199371396927,0
1.0270207975457646,0.6790982678224382,0.17930498367077036,0.4298250547436777,0.2038883151908428,0.7569575122476521,0.3839454359597445,0.8889537824922865,0.4679247259239696,0.42612476153922246,0.14627628386795036,0.43579900356812445,0.555138340009982,0.6842684232373629,1.084082412301681,0
0.4975039646793879,0.47164183504173496,0.6061100186405439,0.8244166256711094,0.8277708919553969,0.6665971642934193,0.9394933055382161,1.9112010258190733,1.2293791147564117,0.4687041492670454,0.0,0.35844307218759813,0.7123786823290832,0.9375348860091717,0.619285979089917,1
0.22422745362895455,0.0,0.7377399691172855,0.6650023203086278,0.6693716578972889,0.7791062237572156,0.8038111298233644,1.8570788833616834,0.0,0.9897643213155247,0.09763501173012193,0.00702863602390438,0.4323666507006966,0.2363845593079332,1.0459552799240504,0
0.6839719155752745,0.11172495442555787,0.17444149541014198,0.6918663972624196,0.2893240892500353,0.6548395599753254,0.8030757861632198,1.984483625784405,0.702747520441251,0.6264800040078998,0.9777028345250647,0.15722377943660987,0.05391123530654485,0.17486770845935648,1.0426252515605063,0
1.574143063067504,1.4924344358581596,0.9711190458262511,1.4920345512408222,0.9166390000708309,1.2106353976378914,1.2692898090376121,3.0,1.523535150052676,1.6232057568151994,1.0696342147204003,0.6964514873624263,1.506824796129558,1.7044135886470582,0.23476249148988293,1
0.8510570819640535,0.7707656792337906,0.21504668224688972,1.0840296812449843,0.8386265821069123,0.08609575270309242,0.8459781499408761,3.0,1.1249718585522088,0.5198915709662094,0.0,0.4397543128345302,0.9367207795785664,0.974701530053245,0.578683918485859,0
0.7875120554644186,1.1644316830355717,0.6506874760191435,1.2538353297721416,0.8466569813381691,1.0272705815327952,0.886853217563895,2.1831344407636193,0.9173440747696664,0.8990011243257189,0.92645955231062,0.3464779717667922,1.2096806109653386,1.456245745100032,0.4955683875971759,1
0.7564502660441352,0.024458309589900095,0.25639198876075664,0.6509657297053827,0.1603844143055263,0.7508788442635335,0.3833469023926126,2.0822959210314305,0.2752487066028096,0.31790616303486613,0.010075618630703522,0.2643140495236894,0.34412565281149,0.4287902613082384,0.5518652334015862,0
0.8921603444715321,1.247963549237026,0.4186979542329063,1.1903528434455704,0.8209277075454434,0.9133869283397208,1.227139530476981,2.861605349025498,1.2300982018481819,1.174127694178497,0.0040376612609889255,0.12815882490359956,1.1762670494668948,1.3813357293265496,0.5309520585049761,1
1.2865700409743843,0.9029238998939496,0.8958047380415521,1.3780495635553207,0.736192027722821,0.6568456278111638,0.8632304701262838,3.0,1.4931341010694086,1.1759118535054611,1.0608913048951742,0.0935550440120535,0.6073954809009781,0.7396154384044783,0.1914985762259467,1
0.7377030134207896,0.1564014546099458,0.40396226715285516,0.44368627018186146,0.2181513306984949,0.24740587496037406,0.6052490067049543,0.0,0.05311581052612976,0.0,0.0,0.08903001446527128,0.0,0.12298423674154013,0.3963670805990503,1
0.5575060403539623,0.5814334544073654,0.25513106586361656,0.6304511901764305,0.0,0.6393798117091268,0.6514077430241135,2.994964611439391,0.20220354371764793,0.8389024831512879,0.046477032393956105,0.3721395483988915,0.6028746963471876,0.8013146243012752,1.079446347377101,0
1.028108684084691,0.5797898482411021,0.7797229026874601,1.0737165576598107,0.3338240100258933,0.9326498952117699,0.3266277984552024,0.7922045867402563,0.47749088686169106,0.9546572709112197,0.0,0.15693339028455502,0.1915720661850919,0.6272348061226024,0.18768915017210386,1
0.5632768187340937,0.2214330327571713,0.0,0.7191557910350237,0.0,0.4968229015190757,0.5724358437302758,1.051517977584672,0.49577691387697875,0.16190848404186925,0.11475307609471995,0.11853679834347083,0.14943842891066322,0.3751515610364365,0.14450758404336067,0
0.300148838178195,0.5168513890102221,0.5644691385390936,0.7390614409625974,0.26721010317122834,0.49320045571685034,0.493115220117266,0.010392559502475888,0.7824955010756386,0.506940648728572,0.13425955437102693,0.12019968635001696,0.11595437382496696,0.8864523104553634,0.3757990935166973,0
1.2243760536770538,0.6791591032160061,0.7972548873773543,1.1281449686664335,0.6769717688568045,0.44168009583287804,0.7905518661544673,0.0945720301625596,0.9119304953756029,0.762730428535718,0.0,0.24980182079229743,1.0982758833771598,0.6104838348508228,0.7586568745710048,1
1.1227119266844923,0.3857744892517375,0.3109918330676749,1.1172285620675568,0.7717503948958021,0.7172897853326656,1.0348255379453728,3.0,1.2745163072826957,0.6843126517524281,0.0,0.28137598850282897,0.5408704973721066,1.0742510879871339,0.5350262225679686,0
0.5716433195178943,0.25599695015957946,0.2087212266218886,0.8297470893749446,0.3639116728967103,0.4523546583703256,0.8840339171814823,2.752701110970774,0.9823863060388504,0.6683863773804167,0.05351598488858456,0.17183891988157174,0.6578790761269726,0.17161940414114502,1.103345921123405,0
0.30777210604708793,0.6551752783592628,0.007750280106790602,0.5530150283981428,0.27963118652195723,0.40081337219751656,0.2369573161066394,0.06401122856348491,0.2906148796568418,0.06097159935408168,0.04768512430234404,0.0,0.5287580160075398,0.0,0.4797355200297205,0
0.4831566509326949,0.29046312177093947,0.07376540562769276,0.5986242717985384,0.3859447796357819,0.26235737324534625,0.5634007029257583,0.814633671206886,1.1247304374547458,0.6689288556158443,0.7831882478905421,0.0,0.022963142525366215,0.5079239300073046,1.0132944628771274,0
0.7603672677643465,0.1800915049447253,0.35569133242704853,0.7371387383008279,0.5515336944288018,0.1383956511656001,0.7348956725555563,1.0809681106735363,0.41498123034152445,0.974074068368994,0.03646858994056935,0.4676049192040709,0.7399600848439095,0.7510485199541156,0.8330077669893914,0
1.2385208663657052,0.7804549835087088,0.0,0.9084283688076908,0.3538146416742507,0.8592808809535025,0.0,2.020161951785492,0.7545905585140995,0.9421242430615053,1.1804232069367029,0.2882101754916157,0.8063501561250515,0.2644165055953894,1.2781242204378604,1
0.05131236815205807,0.06463835406427848,0.2863559217623992,0.41776570502856475,0.23978404850132945,0.6131059315231241,0.1447722628322958,0.0,0.34366281058769976,0.29617967947935564,0.09046548247536768,0.0,0.4249344933327652,0.5562334242670113,0.5340908514766335,0
0.44043586867320245,0.48120302084980116,0.14339733055606038,0.6120306476043897,0.2288488824962487,0.8428983457180691,0.5553612852303869,0.0,0.6010139402575784,0.35704351462659856,0.0,0.36168126477292967,0.33354742550405003,0.14003973080498394,0.8595820795217797,0
1.1595805276115978,1.160838794432894,0.9850880116347095,1.0030002401712528,1.1635780710024535,1.155656741669261,0.8254202769951489,2.1015755025007294,1.1262682846719287,1.3597143625662569,1.2068853098180397,0.2884381471093845,1.3776183639944963,0.8807679758743895,0.3020459720465529,1
1.5245453595971008,0.8731387228660843,0.5407435335424444,1.0324807506210192,0.9659365650142754,1.0358195251040823,1.1954799326644312,3.0,1.3326795662680122,1.0354455093450292,0.060942982239321056,0.42456169879230504,0.5471855961007965,1.4915928072023439,0.8097365438004388,1
0.5971193108810497,0.8729429758889968,0.7892362791734329,1.0513317159941236,0.6185059457097402,0.8474768046560044,0.793118555821653,1.961421315362048,1.3627140420117974,1.0680046294374619,0.05713500999747561,0.5773601719337406,0.9282442247853082,0.9233015809802715,0.6034619441585651,1
0.30713752547937384,0.2045275645542337,0.22648450968032308,0.8413632384926081,0.05695412097432573,0.1395204678732075,0.6351321348662226,1.2388090295753673,0.6837404279721999,0.35146630449008104,0.0,0.0,0.6848378184947416,0.762725229800276,0.7999776022621665,0
0.9125084585969121,0.8860245735237401,0.6391704527294146,1.0924588419714165,1.1094654354844946,0.5859996732301624,1.225997787402003,1.8864685369490826,1.7099012818345893,1.4189559548567363,0.0,0.7429663598688305,0.8454895097072056,1.8567346542296452,0.4266145072992336,1
0.8545922402632129,1.0326873547343631,0.10484391263887168,0.80276551474638,0.6270581331572939,1.4581170392229008,1.3296711023875796,1.9518352239881291,0.6135794430637015,1.0578226960407089,0.0,0.0,1.047294599914854,1.2593266536862133,0.860931130306312,1
0.7055819677635647,0.46380029134206413,0.4545219604382022,0.7288709880598759,0.6544491328005633,0.40286054729135573,0.6427994815641568,1.0592666663983417,0.26823010772010353,0.7446764302495386,1.2186731586733173,0.0472879941309075,0.0,0.5870940111014762,0.4223363113451074,1
0.21899651576701945,0.2510101774453264,0.6095896411961792,0.2517410870928167,0.10602649257002764,0.38657666311200134,0.8037952551818314,0.17520248496069818,0.52062525004557,0.10842453976978748,0.8458159745351697,0.0,0.0,0.40407845688786015,1.207125894662238,0
0.6877769209046258,0.15599995932728566,0.5190175383645566,0.5726480735807895,0.0,0.37779596105049784,0.39551591331928615,0.0,0.05399929589416428,0.44740459792428444,0.7046441107300843,0.24548620737656487,0.27403867727474374,0.6298822374432371,0.8813206520838176,0
0.594234782311684,0.6740015486850612,0.40454799159488136,0.5644717702316515,0.7710000635606851,0.7692802392084134,1.097828250586808,0.0019706517705503543,1.181347546109638,0.7838605661038922,0.0,0.32601104886783516,0.579937955926561,0.6754079633110341,0.9159073852773016,0
0.7621053741835553,0.4997853755649524,0.5016856491278977,0.654948883522347,0.8675234140795142,0.5894787145891954,0.502283725590556,2.7749061241419515,1.6669886068706785,1.0324009308757962,0.8322687308857155,0.11078253133286625,0.6149309982695199,1.0623834430571042,0.3431925367296009,1
1.0848610955506501,0.6492372107863205,0.6565904820624453,0.2901053959467078,0.1791252681239282,1.047565712358539,0.7731135958361086,0.9840818232556604,1.3896833838589493,1.6364785943648992,0.0,0.41876763737826667,1.2772745353755806,1.1642631964418706,0.7545235838757111,1
0.01188847610807377,0.0,0.0036427017112805986,0.4236086995872906,0.0,0.21001450405852867,0.0,0.0,0.34105358364585425,0.3018318410528562,0.0,0.16958080130570335,0.0,0.24036388262922712,1.4400366660469062,0
0.11362441672106587,0.20955909263542907,0.028678910822812598,0.41646959451455906,0.0,0.10927606974507598,0.3978916615266834,2.159951716337579,0.18325252065957848,0.38142154070423157,0.012491440510189421,0.008600873316942016,0.6535007742362821,0.5507391982491948,1.2337283015828693,0
0.47141711313704615,1.200389692553021,0.4859847955624643,0.6502092409611173,0.25827345820270536,0.8591638696844662,0.5456843508950664,1.9968474082950198,1.0280196310337448,0.9435759009463298,0.0,0.29445741403257225,1.116804675239039,0.5317146017582142,0.0576716179811331,1
0.6150813842907323,0.7395745984828024,0.5423237880815164,0.9554437733523546,0.10783162678826018,0.5718320110083313,0.7264147272923751,0.9336266658106507,0.9655303384651164,0.8281687159460989,0.0,0.5615046227004794,0.31649729487789796,0.6441604986206352,0.6298026074488436,0
0.9488596991752857,1.10706587303501,0.46169276377034896,1.351291193709752,0.08784895048768826,0.7492119428435979,1.0938028785195522,3.0,1.2235805336253458,0.9874286281387403,1.063294934528913,0.09589216521459712,1.2399439461147026,0.9745778476203357,0.6702936938008027,1
0.0,0.28179417214853725,0.23633115807512609,0.37511664824486274,0.4233126735054064,0.3153851817294427,0.38308638323950134,1.080750051140514,1.0339454663279088,0.3919752066093263,0.9417121702609188,0.0,0.1811320776366352,0.5023770478870935,0.5118693490408094,0
0.8771942030715981,0.5722127715884803,0.8398420019869669,0.8936833587159111,0.77358210202672,0.6297835819846278,1.2695543044817683,3.0,0.5310333044196297,0.41179814290336714,0.9534771178575004,0.19308711445055465,0.7127405180475439,0.8535543304409948,0.5293026380082207,1
0.7683761003584796,0.5288342899288261,0.2769008446362491,0.4980317369578614,0.43943863981696407,1.1177130721303064,0.9128215286788615,1.0262798833201774,0.6706673548614841,1.0461556158927718,0.2451135762890867,0.18046736069140412,0.8158699617128669,0.6470787813221409,0.40760076707960746,1
1.1564908034259156,1.0146187962275417,0.35840680774197764,1.030131098256529,0.7443641184037959,0.6610263953961252,1.112406671294583,2.9604135252957944,1.189262783141231,0.7880127731426096,0.04436778188286748,0.264436917807511,0.5544975504120155,0.4989400745937174,0.6190550840617679,1
0.7121411773446975,0.6609051059253765,0.08815301214067828,0.8994168592015119,0.32715483320508487,0.5429194402817373,0.7849596705851317,1.057105430909095,0.5962928574768797,1.0686974078349565,0.07385923895182495,0.15049956740316828,0.4891233071289571,1.1104346396944618,1.5922236260856597,0
0.907332754373305,0.4183996632157618,0.1906421291770063,0.2868048961852153,0.1128076237299616,0.10552851819518977,0.4098666543583745,0.0,0.7736585952933607,0.2699409358217314,0.0,0.21673639805128364,0.3498779437260378,0.15842473124381207,1.1187147404176874,0
0.5047540662670175,0.6942752944366186,0.7094282247043656,1.0467363540902603,0.3290126633158874,0.9242311803341604,0.14979739969577774,1.019938196068324,0.922223142872189,0.9982861964140464,0.11571215328640315,0.0,1.0225931737436502,0.25955777477506264,0.5715529200268837,1
1.1221674932809793,1.2703539548098473,0.5495365765064195,0.7382247313170784,0.36153031684860293,0.7210018265066278,0.5116029418724163,3.0,1.5058164820680113,1.412622789046074,0.9874459902465801,0.21325477475846533,0.5268738025444235,1.2726139141078074,0.8644132420803262,1
0.9902694175164412,0.5275911060060863,0.548104639251266,0.6960166453409742,0.41417653566601303,0.8173370720211314,1.0836494908075789,0.0,1.337210815153678,0.872196803898037,0.9741259229163305,0.3042607727334645,0.7496126651032682,1.0335932433156318,1.0385974526439024,0
0.47811002858836765,0.5052987017999715,0.0,0.4212071370924154,0.31985441703746353,0.589169509765617,0.4419784740043632,0.9726881687533414,0.6458276424752799,0.4078479410775753,1.0386035579913382,0.20299467396439327,0.0,0.30833170846794994,1.0833743799710305,1
1.063991736196636,0.9581687562234131,0.6629389801258961,0.7816588772731475,0.8001616030724706,0.9585609536300845,1.3180298304824845,0.01766860919273577,1.2046289428273458,1.1716094690859702,0.0,0.2280034859824516,0.5222981206132677,0.9536780118631938,1.0964005724763877,0
0.7563810329353619,0.49194099242575184,0.4532897796882391,0.8251271911551248,0.5800768580198962,0.35622389469890003,0.8964912981114166,3.0,1.094989215988647,1.1870137704270083,1.160066520113976,0.18680747098895428,0.9662447205113867,1.3153860413396519,1.2492188981537002,1
0.21631806460476594,0.26159549598294696,0.18576886207786633,0.20923229527629383,0.3383202010856162,0.23314190097890036,0.08079279629279688,0.9836753410278262,0.4155951737378442,0.4018442626340963,0.17351824473942848,0.0,0.0,0.0,1.0031637362067716,0
0.43052681857361097,0.0,0.1897830120335366,0.4858510958211173,0.6125187007893123,0.8493908402869575,0.05205038787085738,0.8607769349897436,0.6801779473248732,1.2374580534559387,0.0,0.2644260359748233,0.8592728433782235,0.7012269407333039,1.166905847502419,1
0.40963029923895256,0.5306531355339517,0.2452759712263925,0.5148041740504676,0.5407102839346307,0.16408373383949867,0.8100813836963634,2.0347789715779667,0.6498799962944495,0.5915403468516891,0.13535826924319247,0.0,0.5268635016830651,1.030422385113301,0.8331220002348266,0
0.7432120021707878,0.8951048749218798,0.8162742844772848,0.5442471326752437,0.6605125504899881,0.25224033819127123,1.118330067172432,3.0,0.9371538223428084,0.7841653520578239,0.10054452005161761,0.19936339578682752,0.4152327620574783,0.778651023715509,0.49685567929959185,1
0.333579584290387,0.28085664893270545,0.21615214772444294,0.70397725536752,0.43341056592547644,0.5838582409621559,0.8275304017819518,2.3997267461750607,0.38733392872114664,0.17005413606870476,0.03755486740225375,0.11256974371076586,0.05930612217187829,0.20111959894047732,0.7906453671916668,0
1.1897402864930877,0.5409577183213102,0.3634412899314346,0.85825387382095,0.4932327369852706,0.7681168613422292,0.6816829179845476,0.0,0.6828583581189154,0.4698668606115479,0.21174102497053646,0.08491491752259397,0.3832529741571685,0.8840434568148393,0.9880282597923837,1
0.1725192568422337,0.0,0.12758526465705144,0.8783335115879572,0.8699919721170213,0.4740106051178241,0.21799747000141836,2.100662607845129,0.622085841440478,0.7676816801453245,0.8977473084370758,0.0,0.695506769051713,0.3152426303179392,1.2864373155874027,0
0.7299557544197339,0.6161928577404953,1.0732440114842607,0.8645539134482503,0.2502679601987025,0.6959220417487806,1.176394550595575,0.0,1.0591378972771448,1.0314699056911434,0.0,0.386219484692404,0.32038692246476835,1.0223493263920493,0.6064404175854011,0
0.8625397827144718,0.5837388505428323,0.23077936196089324,0.45709303333820156,0.6436169713157778,0.7216325206381196,0.5247935393859547,0.9986578699717598,0.777766293448412,0.8144305397827231,1.1946804046857025,0.0,0.0,0.5360977695369986,0.0,1
0.02023433179687055,0.27886639435829585,0.0338708811738421,0.8190031823269461,0.4089486494279999,0.5759628863087903,0.3267956726871119,1.0204321028957295,0.8093986217729825,0.703927864583265,0.0,0.2055867177721828,0.180821588553656,0.4760662608794921,1.2238793888378683,0
1.1273654538568085,0.9586599365863854,0.4911415795419321,1.117172118862488,1.1327845124714495,1.3752972547471067,0.7600337416126984,3.0,1.1224839629936723,1.0118072001232474,0.047028330478432974,0.571965675220461,1.23882349988036,1.3344088273526897,1.7216334897710968,1
0.7627473796679167,0.2828568257798829,0.7752661778763459,0.72739223083209,0.4873308066917254,0.3103837217270446,1.09879324006677,1.2431877379667076,0.6901844306061713,0.5072631295093747,0.9887449001462263,0.38522798400972474,0.6685909411934998,0.4630043248100508,0.7660790455155517,1
0.6969098236199534,0.44896814979127675,0.4309196642076187,0.4871871785459743,0.30387641373256075,0.7450133010315774,0.7791354763724834,0.7855255493974079,0.48263623588472804,0.6124125487942851,1.0736116710081145,0.2877357848941319,0.505757277416602,0.5614716782613839,1.1882365691424899,0
0.4993560912271745,0.5307124486868667,0.4642350965641484,0.5304854576388398,0.4554617650115448,0.7283452070479224,0.7320276338006205,0.025212482510312332,0.5705390305457742,0.17099053747485232,0.019424208818596765,0.0681009523036766,0.15234534107412648,0.6887466340107595,0.5890684472333909,0
0.9534319042610232,0.5814214689847244,0.5230947922572969,0.6720125726778866,0.19817645333392872,0.6461044409628983,0.54444895960525,0.8425568698593656,0.19595822920778735,0.7114664007215583,0.07145821447752507,0.0,0.6489454525047779,0.7731421906003664,1.116210325810424,0
0.7071739404416159,0.6384973811767255,0.07640648992465604,0.6970261082404874,0.5619876860988777,0.2978057244158343,0.43277553938440405,0.8871261408069926,0.18015189527486658,0.33865486100111686,0.14022559184725789,0.2621699757011684,0.6180121447568611,0.556631974239076,1.5911420758922001,0
0.8979108056247731,0.8072683334285246,0.0,1.0258837766723374,0.39403636207883064,1.2153029753083946,1.2942820968857436,0.008349604227479627,0.280764510331367,0.6043625958144726,0.0,0.02302394475138214,0.3756175981522795,0.7248610344778493,0.2843532146845789,0
0.34790366250498594,0.0,0.0,0.2402662071124801,0.25749568833518627,0.5434954817027566,0.3778882423648029,0.0,0.0,0.11081093312863052,0.8635319409926614,0.3738443437990644,0.3654827754031438,0.09411913561354572,1.4271506509458105,0
0.6264934877581265,0.05385026199907572,0.018007186314100268,0.8723359486759065,0.3099467860816293,0.2898439088401859,0.07614500050061508,1.9191677251342274,0.36349700296700516,0.6461839072017264,0.1472561505277843,0.16905107997171057,0.34436781410172945,0.08371734506338503,1.2523071322940182,0
0.1405945376835444,0.32999956827569865,0.04518940934686236,0.6697190842658146,0.16414114888332215,0.3472479635256911,0.46414298021473877,1.8624365878369338,0.09391196583628,0.38782699269696874,1.0222486565815945,0.21530789194456132,0.15728322716713672,0.6410214945623371,1.5467040004470551,0
1.2121688929355972,0.20742207277854832,0.15800516052669206,0.5855813137731416,0.32225801626128936,0.8065065880382364,0.7801973035385914,0.10000620728475214,0.581387024111383,0.5314410001147919,0.17574412281094548,0.10099447314109705,0.7200733188311985,0.9515291597276705,0.4051601758295759,1
0.32668266415172914,0.16215936340445736,0.09977382309147032,0.8078657710612372,0.401007180994665,0.48458220448502953,0.8294772675964824,1.0033198494826459,0.7315180145589075,0.14684268810422094,1.0034870386025259,0.0,0.3030626121633214,0.3763135220182498,0.7126988940210113,0
0.9288210645843235,0.9912094336705759,0.3430219921376262,1.176240484530141,0.5937247952579165,0.5183780086605403,0.5051112755663817,0.9627516088092039,0.87895905933578,0.8024394612009034,0.0,0.6598354782839657,0.946554412509736,0.8641564424795372,0.7418219355292718,1
1.1114447648144148,0.8845077668519336,0.18411808928658377,0.678082902447063,0.5091657465475674,0.7769097966224852,1.0548856408793903,0.0,0.818228003811199,0.7372567024680688,0.0,0.32567546329383307,0.32770584941966835,0.7677578154548889,0.9448547693185808,1
0.10079594091885152,0.43484623432012237,0.3307006415034605,0.006020953680071273,0.4376169772944188,0.07171980175443604,0.3572515127627124,2.209216230883313,0.07590975976351688,0.0,0.02577282481749869,0.3431462608672768,0.7136637295173058,0.800810447478254,0.004167288605569142,1
0.9014815211707629,0.48725133629691114,0.44060784954923293,1.4850784504451973,1.5645009042888616,0.9885437863097696,0.43276871850927,3.0,1.2916940333187883,1.5174135938550832,0.7983492170941111,0.45482496715586707,1.1360089987284405,1.2007151433491887,1.0949883633929531,1
0.23269354643320272,0.5257896163109135,0.42884220511956556,0.45338585200354165,0.3631770650089082,0.5490281105936722,0.7940679748889905,1.76927211516396,0.44543345035206394,0.46472884281444815,0.07340950321060995,0.3182254757615057,0.1617445538349414,0.22295247871451312,0.8992417940680437,0
0.7362028112772079,0.8913901672386568,0.3569532899383399,0.9524635084431012,0.6456446680705069,0.6920554277352997,0.4441977096127727,0.9480169433255888,0.531763921624407,1.0406974694448072,0.08463457073304352,0.16515366423105948,0.963837357528245,0.7252789616169815,1.6693839687103322,1
0.0,0.0,0.0,0.05763003296841389,0.16321142453667653,0.16751459991588846,0.0,0.3506938067026917,0.13640058551680637,0.14386811076778386,0.07269333586876967,0.10193021464295787,0.04194551107194395,0.0,0.361597038100247,0
1.6687773510272221,0.0004603662593283264,0.7849695077296598,0.9542070282553734,0.9621192384423742,0.8063011155544277,0.8065386532222679,2.014348965316232,1.2394359715547016,0.9205700600382108,0.0,0.6798544915480419,0.979793735197587,0.8847465450784128,0.8271118229131547,1
0.7628616881470851,0.8051089046172779,0.23699348228296319,0.5986051883525162,0.5442138133474912,1.2852358411460538,0.6917588774193983,1.004031107488669,0.6301341804068613,0.45357143004739053,0.0,0.35314960664162004,0.9555412618838096,1.1469857661667142,0.6025389175633475,1
0.49843066230639804,0.19548476550876112,0.06213555503493723,0.3036066828834644,0.6198713646980437,0.509362026463904,0.42365135247222857,0.05720189265817171,0.7609058441579721,0.0,1.0559390815693679,0.27716834449608296,1.0911187654475298,0.44576360098595136,1.004482061095597,1
1.2532297106114483,0.7805989219342524,0.7218477247647015,1.2041154607024427,0.8281220983420521,0.8836195054826352,1.0236400727713526,1.0963110564481748,1.0002709984342308,0.7402398378777252,0.06698644256229984,0.07545288549745995,0.8021498166629377,0.8715812162261517,1.5749332558419677,1
0.5141238609959384,0.24472534208709318,0.3712906317148875,0.7390350160055214,0.0,0.353504827630282,0.6185429505738419,0.04603387498025017,0.6705656481346591,0.4933585256249871,0.2342303093906414,0.0,0.3909400304977339,0.09149590363458113,0.7600131021927737,0
0.11543238658619277,0.2575495098611668,0.0,0.0,0.036500295649104876,0.19890483526301472,0.37949915844071924,0.035038316607566955,0.5685554597036743,0.5915877861445991,0.0,0.0,0.4164002043595253,0.7932169640045601,0.17983108751509724,0
1.0167227472790237,0.8248865641749505,0.45676498575080254,0.8808430602661285,0.5855399900804794,1.0401026568976426,0.37629481124431247,1.8724803685918836,0.36589968378909343,0.35411241531109444,0.0,0.0,0.4895024073134877,0.7514274145509988,0.33644449219265704,0
0.6528023378196517,0.0,0.2802697108958741,0.4728819910455655,0.041857533492302784,0.355568992726568,0.3057897272121033,0.019460324863258695,0.0,0.0,0.1361328222261563,0.10954827455124322,0.24633651788142547,0.561295405448962,0.8498480714654464,0
0.7097188979922685,0.5367770262497252,0.24655039963099748,0.387062808418335,0.8246441446683302,0.8465902013502018,0.783459449081226,0.0,1.2438694150277467,0.8882364351961796,1.0535018219214227,0.4314474867949031,0.5405228556153686,0.9772738412569482,0.9249167431027132,1
1.3835955211855415,0.9852447862475737,0.6091192900640885,1.1600044080820406,1.2353729300756682,0.6368789469823527,1.1224677055583345,0.0,1.6757317148557345,1.8582810202013555,1.070220611512327,0.7136988114205499,1.2258784415278368,1.0705370213817889,0.8589504853602301,1
1.0808348187278138,0.8433860435209422,0.4318860587823798,0.7117062470232646,0.12597641430115677,0.6741377864029208,0.8392111978897934,0.9503706144365713,0.9347439403681108,1.0130387249422927,0.0,0.21593926764687166,1.1891695127126982,0.9539820289161344,0.8928921117300415,0
1.1883251818875602,0.24490872642776948,0.7675351741283456,0.8587348032186326,0.0,0.5564535748744482,0.8928974244742602,3.0,0.6469083362584878,0.8461120961139232,0.0,0.6538095293357165,0.8675840648333282,0.4929645912068938,0.3953731250126932,1
0.5425158037492432,0.2615891715865206,0.7481155921746021,0.9021095371927909,0.3547926711068504,1.0066523397551637,0.9107758269569057,0.08025538979384937,1.0440151320756272,0.3714124627580493,1.0324373295044826,0.5207190077957857,0.671881730973961,0.9808839318677509,1.2700606420479787,0
0.7757761397461382,0.8763955934879625,0.27335248649585087,0.9157494299478243,0.7759184875548509,0.8493809313511101,1.1233037025849282,2.9634752219012412,0.733027122839699,0.665388110731218,0.0,0.6188756500893485,0.6656833875549625,0.3984267566909729,0.3633657252531093,0
1.08873241453352,0.9106008063703247,0.5778222766783897,1.3615816799149798,1.0514363948497292,0.8165013860815583,1.2624795709513321,0.9513919708796038,0.6831698568734854,0.755455341845059,0.05588334712670332,0.3787849103584357,1.4642226067156061,1.2988600377669757,0.5682328171852631,1
0.12481021989765465,0.3011920794852721,0.5061885415390291,1.0467281406051858,0.12527078481830733,0.7965422946308073,0.41450584975571547,3.0,0.7493207250704038,0.6050629738254969,0.16647011510849777,0.0,0.3783308526715818,1.1609543570827743,0.9537765295374371,0
0.03265803204525268,0.6448732718655992,0.9607478031039544,0.6508955140769158,0.22874344147567904,0.6064122782095719,0.4763561174246966,2.1654615303763562,0.47495131186181083,0.7273946106880071,1.0700161822328358,0.2604457933321203,0.9570691275751873,0.917770153565143,1.0700115558465344,1
0.47676217889858497,0.33558378383021426,0.5740334853470009,0.7440772024261387,1.1639620754181592,0.5115060429958909,0.535926641245822,1.2047503094904988,0.744188264050056,0.3679836916760131,0.0,0.0,0.47791982567444663,0.5348591350886072,1.010931595709992,0
0.6040589256039676,0.42505881568451825,1.1457710426217185,0.6920371922909081,0.7194277949110036,0.6037149587954013,0.7402833074332448,0.8891191533430256,0.36192507047535893,0.0,0.005064566130509602,0.05018628681733761,0.8980028391094187,1.1511760259664645,0.6322209975540978,1
1.1166750833112264,0.7182329125764828,0.8060865144993833,0.7905158344910118,0.6929242985238298,0.9569996720324996,1.3258822171364053,0.9744811328207236,1.0931149586875248,1.2253508526670147,0.0,0.40658509614235705,1.0014482565106861,1.3774595997554313,0.6805229351391315,1
0.8759290492074507,0.5237421742182018,0.13651490102717093,0.749202125458813,0.4163559864940309,0.7350959097959598,0.6031841944663725,0.9362837433329197,1.0484015533000182,0.6186135347405987,0.03153491230214679,0.0,0.6913695745616752,0.7314366987097559,0.8131099245013755,0
1.248305699989538,0.9477200070416774,0.7412210453755492,1.1080167996224346,1.145840530839667,1.2482246977073457,1.044672807631002,3.0,0.5833230187050867,0.777420060169564,1.2085009873535304,0.30508929583008176,0.6307473997478881,1.9057747104545313,0.43965534432813,1
0.9354325494219526,0.9214574728233023,0.418125800338728,1.0229963216989852,0.9717415901946858,0.9863041759524223,0.9286212868278279,1.1205168881629604,1.0423414620416531,0.4248060446480721,0.003915895628882681,0.3658329763143428,0.2656701968601613,0.7763138124498828,1.0340577975020708,0
0.26984817172750664,0.3876083410145449,0.0,1.02028645147217,0.6260226992690452,0.7456660130294275,1.014810613222103,0.11638824220382839,0.46115374510895585,0.1770371698774579,0.0,0.14733332167323848,0.1695801414900249,0.5178056846234501,1.4650577568649634,0
0.7436362739248499,0.6212190222095783,0.0,0.4512698664701903,0.0,0.6586577365181412,0.6328559988671458,0.0,0.0,0.16336046816415012,0.030318107502355283,0.22303257681902214,0.0,0.43440464893985375,0.819570512287698,0
0.45057942303837273,0.4805828340635669,0.7803687904610691,0.6801579479871609,0.2814013131955439,0.6835550570454196,1.0261400513511976,1.9307218826625152,0.8009734361887018,0.6009258656271046,0.0,0.06891937034090241,0.7778678800626293,0.7240429614185229,1.6683605762560119,0
0.5929069332915453,0.8197643347739223,0.7547179634684157,1.0929466687912577,0.39637861976881833,0.8865979389302937,0.7911439651946544,2.038652365095642,1.3166317996299202,0.5819419895697079,0.2566045337835456,0.11389127332162943,0.3269815982562569,0.8027952190728505,1.5048781969250014,0
0.8398512963251541,0.35747917948363966,0.05175270981625098,0.6087066788378664,0.2614500298830932,0.7150639111313883,0.26555902792889113,0.0,1.0308551239252597,0.5169202339743265,0.12478681621339108,0.0,0.23177393549292538,0.5141596171795874,1.1825243577972995,1
0.3113807424662268,0.5229171995059431,0.1720592688148269,0.5166067285276369,0.07105149098090471,0.42722524642334914,0.5226773689007557,0.9695509414314123,0.277814812092491,0.3625530928102026,0.0,0.25456998062390224,0.0918932259394622,0.17020585307532146,1.0123525383082093,0
0.8298396599058815,0.6640220492112766,0.319636760235902,1.0224729720507009,0.1456975685013913,0.8495968107007382,0.6987880518895125,1.1643892957327218,1.0670176681800336,0.3661747395579589,0.0,0.09745961435643789,0.3526105005010766,0.48909974911144716,1.2818538738422467,0
1.0281324759585517,0.6753764799922599,0.6798820095491782,0.9523882406748375,0.8041230918295126,0.34250965443481607,0.9590779534256355,1.0120162706441778,1.0088089861548442,0.36675044451200695,0.9919008931201927,0.5687397541330145,0.9448265824267515,0.780767926751093,0.6605889326637783,1
0.4072318998307125,0.8748936870312802,0.13341727871336767,0.657704448449143,0.0510338808667799,0.8049574262893934,0.8070241849148825,0.9707307148857237,0.5878951370507114,0.3228788922982422,0.0,0.33825886572813757,0.5751733477163751,0.5138993055985971,1.4665224683858797,0
0.8939271117752129,1.155258956395719,0.7243048046811191,1.0477598363489171,0.22061996042704318,0.550113167195929,0.9043971516146871,2.179134470233891,0.8470869913373018,0.8229981053983579,1.1145673464067327,0.7144013187875133,1.344884507552254,0.89683688678667,0.6926695455923008,1
0.17090659784477485,0.0,0.10308485999967874,0.0,0.19865240628545486,0.09166585457607315,0.12822029574287908,0.9268704922823398,0.3366200932004827,0.34752005004657055,0.0,0.04354659365780161,0.1056396953715391,0.022599870754445972,0.8695022864582597,0
1.1491601614571825,0.6128098806562086,0.6127876209955135,0.7537969420486405,0.7317705782639197,0.5867274897296081,0.9586412235420858,1.1225900593563647,1.0243719910377307,1.2607004749881374,0.0,0.052119900205052916,0.9256017768606288,1.0529834284331554,0.47779057240946476,1
0.0,0.8624885094772897,0.2697415408246771,0.41427980323935143,0.10140549204378706,0.7633956912063945,0.6587813415252433,0.9477406685223535,1.1504329270075702,0.057630451343929245,0.8178947644442774,0.3351186316197524,0.3635046293180873,0.4100419022303924,0.9641111175236167,1
0.8930763367501635,0.23864286565030354,0.5515289479394023,0.3064606829639306,0.37813468143892215,0.21132813411242451,0.0,0.0,0.4046505203261137,0.40397865940961325,0.1670865568005064,0.0,0.09049477859024155,0.0,0.704042725095491,1
0.8342451489407996,0.22268298103630235,0.046801230138602296,0.4023389437599708,0.1449830274667713,0.5917495300686818,0.35303726639288746,0.0,0.7753478554974018,0.7285146480257908,0.07691210296180376,0.25099690879844455,0.5774089700741252,0.4490063195231003,0.502861493956034,0
1.138343406463435,1.1419325149823585,0.9702448987804062,1.4933910242523054,0.07799828427576998,0.9607636513257248,1.3512088466534247,0.005173613597410377,0.8273872715029376,0.8209618000140464,0.0,0.3174711248274872,0.9578265445251982,0.9394068704022863,1.2285008388368082,1
